City_ID,City,Country,Lat,Lng,Max Temp,Humidity,Cloudiness,Wind Speed,Current Description
0,Atuona,PF,-9.8,-139.0333,77.22,68,33,25.48,scattered clouds
1,Constitucion,CL,-35.3333,-72.4167,50.49,79,0,5.66,clear sky
2,Hobart,AU,-42.8794,147.3294,43.27,100,75,0.0,broken clouds
3,Ushuaia,AR,-54.8,-68.3,33.35,94,92,2.59,overcast clouds
4,Codrington,AU,-38.2667,141.9667,46.27,93,100,3.06,overcast clouds
5,Rikitea,PF,-23.1203,-134.9692,73.15,70,77,20.94,broken clouds
6,Kaitangata,NZ,-46.2817,169.8464,37.96,74,13,6.33,few clouds
7,Bethel,US,41.3712,-73.414,88.81,53,100,1.52,overcast clouds
8,Isangel,VU,-19.55,169.2667,73.06,57,10,15.57,clear sky
9,San Nicolas Guadalupe,MX,19.6125,-100.0333,60.31,66,100,1.34,overcast clouds
10,Avarua,CK,-21.2078,-159.775,78.85,73,20,12.66,few clouds
11,Lahij,YE,13.1667,44.5833,85.51,58,94,2.24,overcast clouds
12,Hermanus,ZA,-34.4187,19.2345,58.8,72,100,13.89,overcast clouds
13,Nikolskoye,RU,59.7035,30.7861,66.09,75,100,6.22,overcast clouds
14,Zhangye,CN,38.9342,100.4517,80.06,55,1,1.63,clear sky
15,Ardon,RU,43.17,44.29,68.99,68,0,3.4,clear sky
16,Pangody,RU,65.85,74.4859,60.06,52,100,12.55,overcast clouds
17,Punta Arenas,CL,-53.15,-70.9167,35.11,69,82,7.29,broken clouds
18,Kruisfontein,ZA,-34.0033,24.7314,55.89,92,100,5.82,overcast clouds
19,Banda Aceh,ID,5.5577,95.3222,78.19,83,99,12.06,light rain
20,Mount Isa,AU,-20.7333,139.5,62.37,39,91,6.91,overcast clouds
21,Saint-Philippe,RE,-21.3585,55.7679,63.99,70,31,12.5,scattered clouds
22,Sept-Iles,CA,50.2001,-66.3821,65.05,85,96,4.0,overcast clouds
23,Coihaique,CL,-45.5752,-72.0662,38.91,98,99,3.91,overcast clouds
24,Kapaa,US,22.0752,-159.319,84.18,70,77,5.01,broken clouds
25,Bambous Virieux,MU,-20.3428,57.7575,69.22,69,92,17.22,overcast clouds
26,Albany,US,42.6001,-73.9662,82.56,53,83,1.01,broken clouds
27,Yellowknife,CA,62.456,-114.3525,63.05,38,31,11.86,scattered clouds
28,Gat,IL,31.61,34.7642,79.81,100,0,5.17,clear sky
29,Owando,CG,-0.4819,15.8999,77.95,48,99,1.3,overcast clouds
30,Salumbar,IN,24.1333,74.05,76.82,95,100,10.63,overcast clouds
31,Nadym,RU,65.5333,72.5167,59.63,54,100,11.74,overcast clouds
32,Klaksvik,FO,62.2266,-6.589,52.72,85,100,11.92,overcast clouds
33,Norman Wells,CA,65.282,-126.8329,71.94,26,69,4.76,broken clouds
34,Mataura,NZ,-46.1927,168.8643,38.46,70,19,2.82,few clouds
35,Lebu,CL,-37.6167,-73.65,50.18,90,100,2.8,light rain
36,Kahului,US,20.8947,-156.47,87.96,67,100,11.99,overcast clouds
37,Marystown,CA,47.1666,-55.1483,58.73,89,100,7.29,overcast clouds
38,Villanueva De La Serena,ES,38.9766,-5.7974,79.77,25,0,4.47,clear sky
39,Cape Town,ZA,-33.9258,18.4232,59.88,76,100,8.99,overcast clouds
40,Grand Gaube,MU,-20.0064,57.6608,69.39,61,77,7.0,broken clouds
41,Jamestown,US,42.097,-79.2353,75.06,44,0,5.01,clear sky
42,Pandan,PH,14.0453,124.1694,79.52,84,92,1.12,overcast clouds
43,Saskylakh,RU,71.9167,114.0833,43.66,69,100,7.09,overcast clouds
44,Vaini,TO,-21.2,-175.2,77.16,78,20,12.66,few clouds
45,Narsaq,GL,60.9167,-46.05,55.62,81,11,3.56,few clouds
46,Port Hardy,CA,50.6996,-127.4199,61.7,90,67,5.86,broken clouds
47,Kodiak,US,57.79,-152.4072,56.71,88,100,6.91,mist
48,Jishou,CN,28.3167,109.7167,78.46,81,94,2.57,overcast clouds
49,Busselton,AU,-33.65,115.3333,49.51,89,2,11.92,clear sky
50,East London,ZA,-33.0153,27.9116,63.3,76,85,4.59,overcast clouds
51,Naze,JP,28.3667,129.4833,80.08,81,100,5.93,overcast clouds
52,Ornskoldsvik,SE,63.2909,18.7153,61.75,63,100,10.36,overcast clouds
53,Isagarh,IN,24.8333,77.8833,75.13,94,82,8.99,heavy intensity rain
54,Ribeira Grande,PT,38.5167,-28.7,74.64,78,81,9.24,broken clouds
55,Faya,SA,18.3851,42.4509,68.52,75,73,4.56,broken clouds
56,Guaymas,MX,27.9333,-110.9,97.88,55,69,12.73,broken clouds
57,Sao Filipe,CV,14.8961,-24.4956,78.4,79,15,14.5,few clouds
58,New Norfolk,AU,-42.7826,147.0587,42.91,85,98,1.74,overcast clouds
59,Cabo San Lucas,MX,22.8909,-109.9124,92.5,61,20,8.05,few clouds
60,Tuktoyaktuk,CA,69.4541,-133.0374,49.96,78,100,14.14,overcast clouds
61,Bairiki,KI,1.3292,172.9752,84.2,74,40,10.36,scattered clouds
62,Tiksi,RU,71.6872,128.8694,39.81,95,100,11.05,overcast clouds
63,San Juan Bautista,PE,-14.0108,-75.7358,70.84,48,4,10.31,clear sky
64,Roma,US,43.2128,-75.4557,78.51,59,20,11.5,few clouds
65,Komsomolskiy,UZ,40.4272,71.7189,74.12,43,19,6.91,few clouds
66,Paragominas,BR,-2.9667,-47.4833,83.05,48,54,3.27,broken clouds
67,Mecca,SA,21.4267,39.8261,90.81,58,96,11.74,overcast clouds
68,Chokurdakh,RU,70.6333,147.9167,49.66,71,100,9.86,overcast clouds
69,Hazorasp,UZ,41.3194,61.0742,67.84,29,0,10.02,clear sky
70,Barrow,US,71.2906,-156.7887,46.42,93,100,17.27,mist
71,Hilo,US,19.7297,-155.09,93.27,85,84,4.0,broken clouds
72,Severo-Kurilsk,RU,50.6789,156.125,56.1,96,97,12.64,overcast clouds
73,Iquique,CL,-20.2208,-70.1431,60.39,69,10,0.34,clear sky
74,Luderitz,NA,-26.6481,15.1594,55.96,86,47,8.99,scattered clouds
75,Havre-Saint-Pierre,CA,50.2334,-63.5986,63.79,85,81,4.63,broken clouds
76,Iqaluit,CA,63.7506,-68.5145,43.14,70,67,8.81,broken clouds
77,Port Alfred,ZA,-33.5906,26.891,62.44,80,92,4.0,overcast clouds
78,Nouadhibou,MR,20.931,-17.0347,71.71,83,5,30.44,clear sky
79,Sisimiut,GL,66.9395,-53.6735,43.11,84,85,6.2,overcast clouds
80,Hammerfest,NO,70.6634,23.6821,50.45,93,75,27.63,shower rain
81,Ambilobe,MG,-13.2,49.05,64.72,69,1,5.75,clear sky
82,Doha,QA,25.2867,51.5333,94.98,71,0,3.44,clear sky
83,Mar Del Plata,AR,-38.0023,-57.5575,56.88,71,0,11.99,clear sky
84,Saint George,US,37.1041,-113.5841,94.95,33,0,4.0,clear sky
85,Ucluelet,CA,48.9329,-125.5528,67.08,82,2,1.01,clear sky
86,Lata,PT,40.1629,-8.3327,60.22,94,0,1.1,clear sky
87,Pleasanton,US,37.6624,-121.8747,90.79,44,0,13.8,clear sky
88,Carmo,BR,-21.9336,-42.6086,58.21,77,2,4.99,clear sky
89,Catamarca,AR,-28.4696,-65.7852,65.59,42,100,2.89,overcast clouds
90,Belyy Yar,RU,53.6039,91.3903,57.09,82,0,0.0,clear sky
91,Omsukchan,RU,62.5333,155.8,55.15,83,100,5.19,overcast clouds
92,Caravelas,BR,-17.7125,-39.2481,72.99,68,100,11.48,overcast clouds
93,Rawson,AR,-43.3002,-65.1023,55.06,42,15,6.58,few clouds
94,Benguela,AO,-12.5763,13.4055,67.57,87,40,4.61,scattered clouds
95,Bluff,NZ,-46.6,168.3333,41.65,80,99,9.69,overcast clouds
96,Noumea,NC,-22.2763,166.4572,71.01,99,56,14.41,broken clouds
97,Dikson,RU,73.5069,80.5464,43.97,93,100,19.44,overcast clouds
98,Cintalapa,MX,16.6951,-93.7272,80.42,75,90,5.61,overcast clouds
99,Pacific Grove,US,36.6177,-121.9166,86.38,71,0,12.66,clear sky
100,Lagoa,PT,39.05,-27.9833,73.49,83,98,13.56,light rain
101,Hovd,MN,48.0056,91.6419,62.64,52,3,3.0,clear sky
102,Marsaxlokk,MT,35.8419,14.5431,79.41,78,20,4.61,few clouds
103,Gweta,BW,-20.1833,25.2333,66.45,20,0,7.9,clear sky
104,Carnarvon,AU,-24.8667,113.6333,58.78,34,0,15.77,clear sky
105,Mizdah,LY,31.4451,12.9801,76.5,62,0,13.91,clear sky
106,Torbay,CA,47.6666,-52.7314,59.29,92,100,5.75,mist
107,Port Elizabeth,ZA,-33.918,25.5701,58.1,96,100,4.0,overcast clouds
108,Broken Hill,AU,-31.95,141.4333,46.38,51,15,12.95,few clouds
109,Thompson,CA,55.7435,-97.8558,79.11,37,26,10.65,scattered clouds
110,Upernavik,GL,72.7868,-56.1549,42.1,81,100,10.6,overcast clouds
111,Andros,GR,37.8333,24.9333,81.16,57,0,14.0,clear sky
112,Kudahuvadhoo,MV,2.6708,72.8944,80.82,78,22,6.24,few clouds
113,Campina Verde,BR,-19.5356,-49.4864,62.65,50,0,7.0,clear sky
114,Beidao,CN,34.5686,105.8933,73.08,82,87,5.41,overcast clouds
115,Chuy,UY,-33.6971,-53.4616,52.52,87,6,4.97,clear sky
116,Castro,BR,-24.7911,-50.0119,47.73,75,0,4.94,clear sky
117,Esperance,AU,-33.8667,121.9,52.68,71,87,7.72,overcast clouds
118,Georgetown,MY,5.4112,100.3354,82.89,83,20,0.0,few clouds
119,Marawi,PH,7.9986,124.2928,68.85,88,86,2.51,overcast clouds
120,Bilma,NE,18.6853,12.9164,95.11,10,25,8.77,scattered clouds
121,Danville,US,36.586,-79.395,81.88,84,20,5.75,few clouds
122,San Patricio,US,28.017,-97.5169,98.17,45,100,7.7,overcast clouds
123,Richards Bay,ZA,-28.783,32.0377,70.52,66,3,15.79,clear sky
124,Innisfail,AU,-17.5333,146.0333,68.76,88,97,4.83,overcast clouds
125,Nishihara,JP,26.1842,127.7558,83.48,85,75,2.3,broken clouds
126,Nanortalik,GL,60.1432,-45.2371,43.74,92,44,8.1,scattered clouds
127,Puerto Ayora,EC,-0.7393,-90.3518,78.76,99,100,7.0,overcast clouds
128,Hithadhoo,MV,-0.6,73.0833,81.55,74,5,6.91,very heavy rain
129,Bubaque,GW,11.2833,-15.8333,80.1,81,100,14.63,moderate rain
130,Kavaratti,IN,10.5669,72.642,80.78,82,37,20.76,scattered clouds
131,Manta,EC,-0.95,-80.7333,78.58,78,40,11.5,scattered clouds
132,Aksarayskiy,RU,46.7924,48.0119,76.32,37,7,7.31,clear sky
133,Warrnambool,AU,-38.3833,142.4833,48.11,86,100,8.75,overcast clouds
134,College,US,64.8569,-147.8028,68.32,44,40,5.75,scattered clouds
135,Harper,LR,4.375,-7.7169,76.33,77,100,10.11,overcast clouds
136,Namibe,AO,-15.1961,12.1522,61.38,90,54,8.57,broken clouds
137,Tura,IN,25.5198,90.2201,73.24,93,23,5.21,few clouds
138,George,ZA,-33.963,22.4617,56.1,86,100,4.76,overcast clouds
139,Najran,SA,17.4924,44.1277,85.33,38,94,12.26,overcast clouds
140,Moose Factory,CA,51.2585,-80.6094,65.12,36,3,10.85,clear sky
141,Yumen,CN,40.2833,97.2,77.22,30,1,15.12,clear sky
142,Qaanaaq,GL,77.484,-69.3632,38.98,72,96,6.11,overcast clouds
143,Tucson,US,32.2217,-110.9265,98.01,40,0,8.05,clear sky
144,La Libertad,EC,-2.2333,-80.9,71.26,83,75,9.22,broken clouds
145,Asyut,EG,27.181,31.1837,86.49,24,0,7.78,clear sky
146,Urdoma,RU,61.7533,48.5442,58.35,73,100,8.28,overcast clouds
147,Sao Joao Da Barra,BR,-21.6403,-41.0511,69.21,66,95,29.3,overcast clouds
148,Fenyi,CN,27.8112,114.6681,77.43,79,100,2.17,overcast clouds
149,Gamba,GA,-2.65,10.0,70.52,86,55,5.48,broken clouds
150,Bandar-E Anzali,IR,37.4727,49.4622,78.69,77,7,1.63,clear sky
151,Souillac,MU,-20.5167,57.5167,67.73,70,63,13.47,broken clouds
152,Ayan,RU,56.45,138.1667,55.2,98,100,12.1,moderate rain
153,Ponta Delgada,PT,37.7333,-25.6667,74.12,73,75,9.22,broken clouds
154,Bengkulu,ID,-3.8004,102.2655,76.01,91,40,3.65,scattered clouds
155,Faanui,PF,-16.4833,-151.75,78.24,75,10,14.5,light rain
156,Alofi,NU,-19.0595,-169.9187,82.29,74,40,10.36,scattered clouds
157,Oranjemund,NA,-28.55,16.4333,54.57,93,94,0.54,overcast clouds
158,Abu Dhabi,AE,24.4667,54.3667,91.96,84,97,8.48,overcast clouds
159,Eureka,US,40.8021,-124.1637,75.67,73,14,8.99,few clouds
160,Gravatai,BR,-29.9444,-50.9919,60.19,81,24,6.58,few clouds
161,Venice,US,27.0998,-82.4543,89.58,69,20,10.36,few clouds
162,Cortez,US,37.3489,-108.5859,89.04,28,0,5.75,clear sky
163,Yakeshi,CN,49.2833,120.7333,53.8,80,19,3.96,few clouds
164,Ossora,RU,59.2353,163.0719,59.95,80,18,5.5,few clouds
165,Ponta Do Sol,PT,32.6667,-17.1,71.71,74,55,2.44,broken clouds
166,Mayumba,GA,-3.432,10.6554,69.66,91,93,3.98,overcast clouds
167,Mwene-Ditu,CD,-7.0,23.45,72.12,21,100,4.94,overcast clouds
168,Bud,US,39.447,-86.1758,83.68,89,59,9.82,broken clouds
169,Longyearbyen,SJ,78.2186,15.6401,46.24,76,75,10.36,broken clouds
170,Alice Springs,AU,-23.7,133.8833,45.21,63,0,6.91,clear sky
171,Serebryanyy Bor,RU,56.8,124.8,52.99,95,100,5.23,light rain
172,Tromso,NO,69.6496,18.957,50.02,81,75,17.27,light intensity shower rain
173,General Teran,MX,25.2667,-99.6833,101.66,22,25,15.5,scattered clouds
174,Chernyshevskiy,RU,63.0128,112.4714,55.69,91,67,2.37,broken clouds
175,Las Cruces,US,32.3123,-106.7783,81.36,47,0,11.5,clear sky
176,Sawakin,SD,19.1059,37.3321,93.92,53,87,8.21,overcast clouds
177,Baiyin,CN,36.5583,104.2081,72.84,70,22,4.16,few clouds
178,Tasiilaq,GL,65.6145,-37.6368,35.76,86,24,1.34,few clouds
179,Arraial Do Cabo,BR,-22.9661,-42.0278,67.51,77,40,18.7,scattered clouds
180,Enugu,NG,6.4402,7.4943,71.55,96,100,7.85,overcast clouds
181,Hamilton,US,39.1834,-84.5333,83.75,64,71,8.81,broken clouds
182,Mujiayingzi,CN,42.1167,118.7833,68.72,77,95,1.39,overcast clouds
183,Comodoro Rivadavia,AR,-45.8667,-67.5,53.46,43,0,4.61,clear sky
184,Nokha,IN,27.6,73.4167,84.78,62,98,13.2,overcast clouds
185,Wanning,CN,18.8003,110.3967,78.93,90,100,2.26,overcast clouds
186,Cherskiy,RU,68.75,161.3,55.83,65,97,10.45,overcast clouds
187,Zhangjiakou,CN,40.81,114.8794,73.69,75,92,3.65,overcast clouds
188,Katobu,ID,-4.9408,122.5276,73.85,97,65,3.83,broken clouds
189,Bredasdorp,ZA,-34.5322,20.0403,54.36,81,100,6.02,overcast clouds
190,Gorin,RU,51.1983,136.6669,54.88,95,100,2.89,overcast clouds
191,Jumla,NP,29.2747,82.1838,58.96,88,38,4.43,scattered clouds
192,San Cristobal,VE,7.7669,-72.225,82.58,62,82,6.4,broken clouds
193,Walvis Bay,NA,-22.9575,14.5053,52.09,75,0,9.73,clear sky
194,Lompoc,US,34.6391,-120.4579,77.85,69,0,14.97,clear sky
195,Okhotsk,RU,59.3833,143.3,58.01,93,100,3.24,overcast clouds
196,Leningradskiy,RU,69.3833,178.4167,49.98,75,99,2.64,overcast clouds
197,Maltahohe,NA,-24.8333,16.9833,56.93,10,25,9.55,scattered clouds
198,Kindia,GN,10.0569,-12.8658,69.67,99,97,3.15,light rain
199,Saint-Augustin,CA,51.226,-58.6502,63.03,88,100,14.63,overcast clouds
200,Borovo,HR,45.3764,18.9669,64.24,67,0,1.14,clear sky
201,Nome,US,64.5011,-165.4064,52.16,89,100,7.34,overcast clouds
202,Olga,RU,43.7444,135.2892,67.68,79,6,4.05,clear sky
203,Pemba,MZ,-12.974,40.5178,73.4,70,19,8.68,few clouds
204,Butaritari,KI,3.0707,172.7902,81.99,75,97,13.06,overcast clouds
205,Tanout,NE,14.9709,8.8879,84.0,57,48,18.59,scattered clouds
206,Tual,ID,-5.6667,132.75,80.02,82,84,16.06,broken clouds
207,Abu Kamal,SY,34.4506,40.9171,88.47,30,0,11.88,clear sky
208,Kiunga,PG,-6.1219,141.2906,73.13,99,100,2.89,overcast clouds
209,Deputatskiy,RU,69.3,139.9,46.6,83,100,4.56,overcast clouds
210,Miandrivazo,MG,-19.5167,45.4667,68.32,63,0,3.11,clear sky
211,Aswan,EG,24.0934,32.907,92.59,22,46,15.37,scattered clouds
212,Margate,GB,51.3813,1.3862,69.69,87,1,4.0,clear sky
213,Geraldton,AU,-28.7667,114.6,48.61,81,0,16.11,clear sky
214,Shache,CN,38.4167,77.2406,76.71,46,99,6.82,overcast clouds
215,Gavrilovka Vtoraya,RU,52.877,42.7663,63.84,83,5,8.41,clear sky
216,Altamira,BR,-3.2033,-52.2064,82.13,56,71,1.63,broken clouds
217,Rocha,UY,-34.4833,-54.3333,50.49,86,0,4.79,clear sky
218,Mbini,GQ,1.574,9.6134,75.94,86,100,6.04,overcast clouds
219,Cancun,MX,21.1743,-86.8466,87.73,66,75,8.05,broken clouds
220,Salalah,OM,17.0151,54.0924,76.5,92,98,8.21,overcast clouds
221,Katsuura,JP,35.1333,140.3,81.7,83,53,19.42,broken clouds
222,Mogocha,RU,53.7333,119.7667,54.93,97,100,2.15,light rain
223,Tral,IN,33.9333,75.1,66.45,85,68,2.21,broken clouds
224,Mount Gambier,AU,-37.8333,140.7667,46.31,100,100,6.91,light intensity shower rain
225,Sarangani,PH,5.4033,125.4636,82.06,73,32,2.73,scattered clouds
226,Qasigiannguit,GL,68.8193,-51.1922,41.25,88,100,2.89,overcast clouds
227,Tuatapere,NZ,-46.1333,167.6833,40.68,67,5,4.12,clear sky
228,Nuuk,GL,64.1835,-51.7216,48.81,66,0,8.05,clear sky
229,Parchim,DE,53.4263,11.8488,62.98,57,9,7.87,clear sky
230,Madingou,CG,-4.1536,13.55,75.52,61,80,2.91,broken clouds
231,Jibuti,DJ,11.5,42.5,84.42,55,91,4.72,overcast clouds
232,Cidreira,BR,-30.1811,-50.2056,58.95,87,1,8.21,clear sky
233,Feicheng,CN,35.2606,117.9675,79.81,88,97,2.24,overcast clouds
234,Loikaw,MM,19.6742,97.2094,67.33,99,100,2.55,moderate rain
235,Homer,US,59.6425,-151.5483,60.69,86,100,6.91,light rain
236,Asau,RO,46.4333,26.4,60.28,73,30,5.14,light rain
237,Voyskovitsy,RU,59.5287,29.964,63.43,77,100,7.11,overcast clouds
238,Ostrovnoy,RU,68.0531,39.5131,52.38,85,4,12.33,clear sky
239,Nador,MA,35.174,-2.9287,80.85,83,0,2.3,clear sky
240,Podgornoye,RU,51.735,39.1496,70.02,78,0,8.95,clear sky
241,Airai,TL,-8.9266,125.4092,57.07,93,51,3.53,broken clouds
242,Mount Pleasant,US,32.7941,-79.8626,88.0,76,0,9.22,haze
243,Dicabisagan,PH,17.0818,122.4157,77.63,87,92,3.69,overcast clouds
244,Ixtapa,MX,20.7,-105.2,87.03,74,75,11.5,broken clouds
245,Yenagoa,NG,4.9247,6.2642,74.03,95,100,2.8,overcast clouds
246,Acapulco,MX,16.8634,-99.8901,85.82,66,75,8.05,broken clouds
247,Gombong,ID,-7.6072,109.5142,74.89,95,69,1.92,broken clouds
248,Ancud,CL,-41.8697,-73.8203,48.79,92,100,16.08,moderate rain
249,Meulaboh,ID,4.1363,96.1285,77.09,85,100,1.86,overcast clouds
250,Tilichiki,RU,60.4667,166.1,55.17,85,99,6.82,overcast clouds
251,Kamenka,RU,51.3223,42.7678,68.29,75,78,9.66,broken clouds
252,Talnakh,RU,69.4865,88.3972,47.21,72,95,3.06,overcast clouds
253,Buraydah,SA,26.326,43.975,95.14,20,9,10.29,clear sky
254,Paamiut,GL,61.994,-49.6678,43.39,92,24,7.09,few clouds
255,Hearst,CA,49.6835,-83.6665,69.06,33,2,8.21,clear sky
256,Surt,LY,31.2089,16.5887,81.41,59,0,8.9,clear sky
257,Flinders,AU,-34.5833,150.8552,57.38,82,100,1.99,overcast clouds
258,Pinega,RU,64.7001,43.3936,60.75,94,100,8.34,overcast clouds
259,Opuwo,NA,-18.0607,13.84,64.4,16,0,3.76,clear sky
260,Touros,BR,-5.1989,-35.4608,76.33,82,16,10.4,few clouds
261,Anshun,CN,26.25,105.9333,64.85,96,89,5.14,overcast clouds
262,Marion,US,39.7684,-86.1555,82.74,73,75,13.8,broken clouds
263,Sorland,NO,67.667,12.6934,49.86,82,94,25.93,overcast clouds
264,Shimoda,JP,34.6667,138.95,78.1,88,100,12.39,overcast clouds
265,Conceicao Do Araguaia,BR,-8.2578,-49.2647,85.26,30,27,3.31,scattered clouds
266,Ardrishaig,GB,56.0157,-5.4481,56.08,94,0,3.04,clear sky
267,Kaharlyk,UA,49.8623,30.8282,64.92,87,98,7.25,overcast clouds
268,Ilulissat,GL,69.2167,-51.1,41.02,93,75,1.14,broken clouds
269,Galle,LK,6.0367,80.217,77.81,91,74,8.61,broken clouds
270,Westport,US,41.1415,-73.3579,89.31,55,100,3.0,overcast clouds
271,Uhlove,UA,44.8215,33.6045,71.02,74,20,4.34,few clouds
272,Imeni Poliny Osipenko,RU,52.4201,136.4853,55.2,94,100,4.72,overcast clouds
273,Victoria,HK,22.2855,114.1577,81.32,92,100,5.99,overcast clouds
274,Halifax,CA,44.6453,-63.5724,70.7,87,100,6.91,overcast clouds
275,Saldanha,ZA,-33.0117,17.9442,55.98,88,100,10.54,overcast clouds
276,Sur,OM,22.5667,59.5289,89.53,59,100,4.12,overcast clouds
277,Hasaki,JP,35.7333,140.8333,82.8,81,18,23.11,few clouds
278,Palora,EC,-1.7,-77.9333,69.91,80,98,2.66,light rain
279,Sitka,US,57.0531,-135.33,66.09,72,75,3.44,broken clouds
280,Hami,CN,42.8,93.45,85.05,30,32,14.56,scattered clouds
281,Severobaykalsk,RU,55.65,109.3167,50.85,84,11,1.19,few clouds
282,Mahebourg,MU,-20.4081,57.7,69.26,71,85,17.02,overcast clouds
283,Sretensk,RU,52.2453,117.7093,56.3,94,83,1.92,light rain
284,Clyde River,CA,70.4692,-68.5914,52.21,61,83,7.43,broken clouds
285,Smithers,CA,54.7804,-127.1743,87.46,28,35,1.61,scattered clouds
286,San Fernando,PH,15.0286,120.6898,75.99,92,67,1.43,broken clouds
287,Caceres,ES,39.522,-6.3748,78.33,26,0,5.37,clear sky
288,Rafsanjan,IR,30.4067,55.9939,77.9,17,0,8.75,clear sky
289,Dunedin,NZ,-45.8742,170.5036,43.81,74,3,4.41,clear sky
290,Westerland,DE,54.9079,8.3033,62.62,77,1,5.75,clear sky
291,Esil,KZ,51.9556,66.4042,71.06,56,52,2.17,broken clouds
292,Kiama,AU,-34.6833,150.8667,57.58,78,100,3.0,overcast clouds
293,Niteroi,BR,-22.8833,-43.1036,65.82,88,100,5.75,overcast clouds
294,Urgut,UZ,39.4022,67.2431,67.62,38,0,1.88,clear sky
295,Salinas,US,36.6777,-121.6555,92.57,58,0,16.11,clear sky
296,Juneau,US,58.3019,-134.4197,62.98,95,100,2.21,overcast clouds
297,Coquimbo,CL,-29.9533,-71.3436,55.08,84,100,5.1,overcast clouds
298,Conceicao Da Barra,BR,-18.5933,-39.7322,71.91,65,98,10.69,overcast clouds
299,Monroe,US,43.1501,-77.6831,78.66,49,40,11.5,scattered clouds
300,Dwarka,IN,22.2394,68.9678,81.79,88,100,8.84,overcast clouds
301,Daru,PG,-9.0763,143.2092,76.71,82,100,14.52,overcast clouds
302,Starosubkhangulovo,RU,53.1031,57.4423,58.46,94,100,3.13,overcast clouds
303,Atlantic City,US,39.3643,-74.4229,84.02,70,0,6.91,clear sky
304,Abeche,TD,13.8292,20.8324,70.99,88,100,19.46,moderate rain
305,Fairbanks,US,64.8378,-147.7164,68.34,44,40,5.75,scattered clouds
306,Dingle,PH,10.9995,122.6711,75.87,89,79,0.85,moderate rain
307,Tokmak,UA,47.2514,35.7058,81.07,36,100,17.81,light rain
308,Puqi,CN,29.7167,113.8833,81.82,65,87,5.06,overcast clouds
309,Praskoveya,RU,44.7444,44.2031,78.8,43,16,15.55,few clouds
310,Ignatovka,RU,53.9479,47.6536,60.31,80,7,5.06,clear sky
311,Tarakan,ID,3.3,117.6333,79.99,80,100,3.49,light rain
312,Cayenne,GF,4.9333,-52.3333,83.08,1,0,4.61,clear sky
313,Kosh-Agach,RU,50.0,88.6667,46.27,89,3,2.42,clear sky
314,Skibbereen,IE,51.55,-9.2667,66.11,67,0,4.81,clear sky
315,Portland,US,45.5234,-122.6762,89.47,40,20,11.5,few clouds
316,Fortuna,US,40.5982,-124.1573,74.93,69,40,12.66,scattered clouds
317,Provideniya,RU,64.3833,-173.3,48.36,100,100,8.99,overcast clouds
318,Krasnoselkup,RU,65.7,82.4667,47.82,73,98,4.45,overcast clouds
319,Juegang,CN,32.3174,121.1855,85.91,86,92,4.32,overcast clouds
320,Nyurba,RU,63.2842,118.3319,60.71,81,99,2.13,overcast clouds
321,Mayo,US,38.8876,-76.5119,89.46,52,0,8.05,clear sky
322,Laguna,US,38.421,-121.4238,97.34,28,0,8.05,clear sky
323,Adrar,MR,20.5022,-10.0711,96.85,27,1,11.83,clear sky
324,Paita,PE,-5.0892,-81.1144,65.62,79,75,16.11,broken clouds
325,Lorengau,PG,-2.0226,147.2712,80.64,81,74,6.33,broken clouds
326,Viedma,AR,-40.8135,-62.9967,55.99,40,3,10.27,clear sky
327,Puerto Colombia,CO,10.9878,-74.9547,82.49,78,94,11.5,overcast clouds
328,Broome,US,42.2506,-75.833,80.53,49,40,16.11,scattered clouds
329,Angol,CL,-37.8,-72.7167,49.8,87,100,1.16,overcast clouds
330,Joaima,BR,-16.6542,-41.0306,76.66,46,33,4.7,scattered clouds
331,Yulara,AU,-25.2406,130.9889,44.28,54,0,7.74,clear sky
332,Maniitsoq,GL,65.4167,-52.9,43.61,84,99,8.1,overcast clouds
333,Port Shepstone,ZA,-30.7414,30.455,65.7,80,39,5.48,scattered clouds
334,Harrisonville,US,38.6533,-94.3488,92.07,44,0,3.44,clear sky
335,Troitskoye,RU,52.9821,84.6757,58.06,92,100,2.28,overcast clouds
336,Chute-Aux-Outardes,CA,49.1168,-68.399,62.78,93,71,4.7,broken clouds
337,Taikang,CN,46.8333,124.4167,62.83,79,24,3.87,few clouds
338,Barguzin,RU,53.6167,109.6167,55.04,94,58,3.76,broken clouds
339,Mahenge,TZ,-8.6833,36.7167,60.49,61,57,3.09,broken clouds
340,Belmonte,BR,-15.8631,-38.8828,74.3,87,78,8.75,broken clouds
341,Yeppoon,AU,-23.1333,150.7333,58.78,88,100,7.43,overcast clouds
342,Fort Nelson,CA,58.8053,-122.7002,67.66,52,76,3.8,broken clouds
343,Goure,NE,13.9835,10.2704,79.02,63,85,14.43,overcast clouds
344,Chapais,CA,49.7834,-74.8492,51.58,96,100,8.12,overcast clouds
345,Kuusamo,FI,65.9667,29.1833,51.84,71,0,9.22,clear sky
346,Tsaratanana,MG,-16.7833,47.65,64.92,66,25,15.55,scattered clouds
347,Riyadh,SA,24.6877,46.7219,95.31,17,10,13.2,clear sky
348,Santa Marinella,IT,42.0345,11.8536,78.71,54,53,9.4,broken clouds
349,Kenai,US,60.5544,-151.2583,62.69,89,75,4.61,light rain
350,Timmins,CA,48.4669,-81.3331,67.93,37,14,8.77,few clouds
351,Athmallik,IN,20.7219,84.5348,75.81,97,100,1.57,overcast clouds
352,Teya,RU,60.3778,92.6267,42.75,95,0,2.93,clear sky
353,Axim,GH,4.8699,-2.2405,74.86,85,100,7.07,overcast clouds
354,Tera,NE,14.0078,0.7531,89.55,51,69,15.52,broken clouds
355,Hofn,IS,64.2539,-15.2082,51.58,85,63,15.64,broken clouds
356,Mahibadhoo,MV,3.7833,72.9667,80.4,80,40,7.27,scattered clouds
357,Los Llanos De Aridane,ES,28.6585,-17.9182,69.55,90,20,14.97,few clouds
358,Kyra,RU,49.5776,111.9753,50.99,78,7,4.61,clear sky
359,Ibiruba,BR,-28.6275,-53.0897,52.29,85,3,4.79,clear sky
360,Lardos,GR,36.0942,28.0157,82.22,72,8,7.09,clear sky
361,Yar-Sale,RU,66.8333,70.8333,56.75,80,100,14.23,overcast clouds
362,Sambava,MG,-14.2667,50.1667,68.27,80,61,13.04,light rain
363,Coelho Neto,BR,-4.2567,-43.0128,81.99,42,36,2.68,scattered clouds
364,Grafton,US,42.207,-71.6856,83.3,49,0,5.75,clear sky
365,Omboue,GA,-1.5746,9.2618,72.77,82,91,8.23,overcast clouds
366,Camana,PE,-16.6228,-72.7111,62.17,77,53,5.61,broken clouds
367,Ust-Nera,RU,64.5667,143.2,64.45,65,97,1.12,overcast clouds
368,Antofagasta,CL,-23.65,-70.4,58.28,78,7,6.08,clear sky
369,Atar,MR,20.5169,-13.0499,98.85,26,99,7.92,overcast clouds
370,Pitimbu,BR,-7.4706,-34.8086,75.79,80,61,5.84,broken clouds
371,General Roca,AR,-39.0333,-67.5833,56.62,43,96,2.89,overcast clouds
372,Bambanglipuro,ID,-7.95,110.2833,75.38,92,69,4.14,broken clouds
373,Paso De Carrasco,UY,-34.8603,-56.0522,54.05,71,0,4.61,clear sky
374,Cap Malheureux,MU,-19.9842,57.6142,69.48,61,76,7.0,broken clouds
375,Nhulunbuy,AU,-12.2333,136.7667,70.41,88,40,4.61,scattered clouds
376,Sangar,RU,63.9242,127.4739,58.28,89,32,2.48,scattered clouds
377,Muros,ES,42.7762,-9.0603,66.09,89,35,0.85,scattered clouds
378,Bima,ID,-8.4667,118.7167,74.25,96,44,4.5,scattered clouds
379,Grindavik,IS,63.8424,-22.4338,48.67,93,100,17.27,overcast clouds
380,Naryan-Mar,RU,67.6713,53.087,58.37,96,100,14.54,moderate rain
381,San Jose,US,37.3394,-121.895,89.26,52,20,21.85,few clouds
382,Hope,US,33.6671,-93.5916,89.65,48,86,4.41,overcast clouds
383,Talara,PE,-4.5772,-81.2719,70.56,73,0,13.8,clear sky
384,Vestmannaeyjar,IS,63.4427,-20.2734,51.46,94,100,13.67,light rain
385,Elko,US,41.0002,-115.5012,88.23,28,77,8.99,broken clouds
386,Lere,NG,10.387,8.5726,68.04,94,99,1.72,overcast clouds
387,Capreol,CA,46.706,-80.9225,71.55,32,24,8.63,few clouds
388,Vila Franca Do Campo,PT,37.7167,-25.4333,73.81,86,49,7.14,scattered clouds
389,Takestan,IR,36.0696,49.6959,75.33,76,1,8.19,clear sky
390,Bagn,NO,60.8225,9.5521,62.08,63,10,5.17,clear sky
391,Sumbe,AO,-11.2061,13.8437,67.78,88,83,3.18,broken clouds
392,Biu,NG,10.6129,12.1946,66.52,94,97,4.99,overcast clouds
393,Dzilam Gonzalez,MX,21.2833,-88.9333,87.71,60,13,10.27,few clouds
394,Kailua,US,21.4022,-157.7394,87.78,72,40,13.8,scattered clouds
395,Mwaro,BI,-3.5,29.6667,61.9,52,97,4.29,overcast clouds
396,Kapit,MY,2.0167,112.9333,75.11,99,99,1.07,moderate rain
397,Vardo,NO,70.3705,31.1107,53.58,76,75,17.27,broken clouds
398,Beringovskiy,RU,63.05,179.3167,53.44,82,100,11.81,overcast clouds
399,Goderich,CA,43.7501,-81.7165,69.91,58,0,17.09,clear sky
400,Lindenberg,DE,49.3803,8.0986,73.13,39,46,2.3,scattered clouds
401,Yerbogachen,RU,61.2767,108.0108,53.04,98,93,4.7,overcast clouds
402,Pisco,PE,-13.7,-76.2167,62.65,77,20,3.44,few clouds
403,Makakilo City,US,21.3469,-158.0858,86.32,56,75,17.27,broken clouds
404,Dinard,FR,48.6314,-2.0614,75.58,47,0,10.36,clear sky
405,Corn Island,NI,12.1694,-83.0418,81.05,82,100,15.43,overcast clouds
406,Valparaiso,CL,-33.0393,-71.6273,55.63,90,100,6.91,overcast clouds
407,Itarema,BR,-2.9248,-39.9167,77.65,82,90,15.79,overcast clouds
408,Erzin,TR,36.9559,36.2,77.02,88,71,2.59,broken clouds
409,Sorong,ID,-0.8833,131.25,76.86,87,79,6.73,broken clouds
410,Kletskaya,RU,49.3145,43.0584,79.48,41,96,16.28,overcast clouds
411,Dalhousie,IN,32.5333,75.9833,61.9,72,100,7.58,overcast clouds
412,Sokoni,TZ,-6.4333,39.55,75.45,74,74,13.02,broken clouds
413,Solsona,ES,41.994,1.5171,75.61,58,53,4.0,broken clouds
414,Varkkallai,IN,8.7341,76.7067,80.38,87,80,8.57,broken clouds
415,Nang Rong,TH,14.6377,102.7914,74.43,90,100,5.7,overcast clouds
416,Uvalde,US,29.3669,-99.767,96.3,32,77,5.21,light rain
417,Acarau,BR,-2.8856,-40.12,77.88,82,85,16.69,overcast clouds
418,Karratha,AU,-20.7377,116.8463,63.18,24,10,18.88,clear sky
419,Asfi,MA,32.2994,-9.2372,71.53,78,0,12.95,clear sky
420,Heidelberg,ZA,-26.5048,28.3592,57.72,31,0,4.23,clear sky
421,Zhigansk,RU,66.7697,123.3711,49.1,73,48,22.79,scattered clouds
422,Pontes E Lacerda,BR,-15.2261,-59.3353,70.41,34,0,5.68,clear sky
423,Grass Valley,US,39.2191,-121.0611,91.78,23,0,8.01,clear sky
424,Mandurah,AU,-32.55,115.7,51.06,82,0,14.65,clear sky
425,Islahiye,TR,37.025,36.6306,73.72,90,32,7.07,scattered clouds
426,Kontagora,NG,10.3999,5.4695,70.41,95,100,1.9,overcast clouds
427,Pyaozerskiy,RU,65.8333,31.1667,54.82,68,38,11.77,scattered clouds
428,Minab,IR,27.1467,57.0801,94.39,50,37,2.82,scattered clouds
429,Burhanpur,IN,21.3,76.2333,76.59,89,99,9.93,overcast clouds
430,Champerico,GT,14.3,-91.9167,90.14,66,17,5.14,few clouds
431,Hay River,CA,60.8156,-115.7999,62.64,38,15,3.24,few clouds
432,Matay,EG,28.419,30.7792,85.21,27,0,6.76,clear sky
433,Nianzishan,CN,47.5167,122.8833,59.47,73,2,4.36,clear sky
434,Petrozavodsk,RU,61.7849,34.3469,65.66,72,100,11.18,overcast clouds
435,Mangan,IN,27.5167,88.5333,74.8,86,93,3.31,overcast clouds
436,Genhe,CN,50.7833,121.5167,53.42,87,31,1.54,scattered clouds
437,Bijie,CN,27.3125,105.2942,63.84,96,100,5.19,overcast clouds
438,Lukaya,UG,-0.1489,31.8748,69.06,61,54,4.59,broken clouds
439,Imbituba,BR,-28.24,-48.6703,60.1,98,69,2.26,broken clouds
440,Ahuimanu,US,21.4447,-157.8378,87.51,67,40,17.27,scattered clouds
441,Russell,US,32.3502,-85.1999,83.01,65,40,8.05,scattered clouds
442,Selishche,RU,56.8879,33.2691,55.76,78,47,1.83,scattered clouds
443,Soke,ML,13.598,-5.9386,82.11,70,76,8.37,broken clouds
444,Saint Anthony,US,45.0205,-93.218,85.01,42,20,10.36,few clouds
445,Pedro Ii,BR,-4.4247,-41.4586,78.15,33,28,3.4,scattered clouds
446,Taywarah,AF,33.35,64.4167,57.9,30,6,7.52,clear sky
447,Shakhunya,RU,57.6758,46.6114,55.51,81,34,4.92,scattered clouds
448,Weligama,LK,5.9667,80.4167,77.02,92,78,8.03,broken clouds
449,Sabang,ID,5.8933,95.3214,81.9,74,100,18.86,overcast clouds
450,Roald,NO,62.5833,6.1333,61.16,100,75,2.3,broken clouds
451,Ovalle,CL,-30.5983,-71.2003,60.78,63,100,4.85,overcast clouds
452,Gobabis,NA,-22.45,18.9667,59.88,14,0,8.72,clear sky
453,Pochutla,MX,15.7432,-96.4661,76.82,63,100,5.88,overcast clouds
454,Pueblo Bello,CO,8.2041,-76.526,80.24,88,100,4.59,overcast clouds
455,Kyabe,TD,9.4515,18.9449,71.96,95,100,3.06,light rain
456,Gillette,US,44.2911,-105.5022,100.11,25,0,9.22,clear sky
457,Rio Grande,BR,-32.035,-52.0986,56.95,84,0,8.88,clear sky
458,Khatanga,RU,71.9667,102.5,44.62,71,100,7.02,light rain
459,Severodvinsk,RU,64.5635,39.8302,62.71,92,99,13.89,overcast clouds
460,Bermejo,AR,-32.8833,-68.8,57.85,35,4,3.56,clear sky
461,Balykshi,KZ,47.0667,51.8667,77.0,36,0,8.95,clear sky
462,Eyl,SO,7.9803,49.8164,78.17,66,79,21.97,broken clouds
463,Sakakah,SA,29.9697,40.2064,92.8,25,0,8.55,clear sky
464,Puerto Quijarro,BO,-17.7833,-57.7667,66.07,43,0,3.22,clear sky
465,Lavrentiya,RU,65.5833,-171.0,44.24,90,82,6.73,broken clouds
466,Pevek,RU,69.7008,170.3133,36.41,91,86,5.28,overcast clouds
467,Mossendjo,CG,-2.9506,12.7261,68.09,74,100,2.37,overcast clouds
468,Drayton Valley,CA,53.2168,-114.9854,78.4,60,67,7.0,broken clouds
469,Yarmouth,US,41.7057,-70.2286,74.98,91,100,5.75,overcast clouds
470,Stabat,ID,3.761,98.4513,76.24,97,100,2.68,light rain
471,San Policarpo,PH,12.1791,125.5072,78.21,88,92,4.47,overcast clouds
472,Prado,BR,-17.3411,-39.2208,73.29,76,98,10.36,overcast clouds
473,Kitakata,JP,37.65,139.8667,77.05,95,97,1.95,overcast clouds
474,Porto Novo,BJ,6.4965,2.6036,75.18,85,100,8.01,overcast clouds
475,Nizwa,OM,22.9333,57.5333,91.22,42,100,0.56,overcast clouds
476,Waingapu,ID,-9.6567,120.2641,75.9,88,24,9.01,few clouds
477,Kidodi,TZ,-7.6036,37.0044,67.28,73,52,0.83,broken clouds
478,Conakry,GN,9.538,-13.6773,77.34,88,100,19.19,moderate rain
479,Poum,NC,-20.2333,164.0167,68.79,60,0,7.87,clear sky
480,Liku,ID,-0.7275,119.8922,76.71,91,96,4.79,overcast clouds
481,Serta,PT,39.8085,-8.0988,60.44,85,0,4.72,clear sky
482,Hambantota,LK,6.1241,81.1185,77.34,100,20,9.22,few clouds
483,Tautira,PF,-17.7333,-149.15,77.32,78,20,14.92,light rain
484,Firminy,FR,45.3873,4.2907,75.7,41,0,2.3,clear sky
485,Camapua,BR,-19.5314,-54.0439,63.61,44,0,6.6,clear sky
486,Katete,UG,-0.7818,29.7544,67.6,67,92,0.98,overcast clouds
487,Port Hedland,AU,-20.3167,118.5667,66.25,32,75,12.66,broken clouds
488,Diu,IN,20.7141,70.9822,79.79,91,100,23.04,overcast clouds
489,Inongo,CD,-1.95,18.2667,72.75,55,83,5.97,broken clouds
490,Shingu,JP,33.7333,135.9833,78.8,91,100,2.93,light rain
491,Port-Cartier,CA,50.0334,-66.8654,64.74,95,86,5.1,overcast clouds
492,Maragogi,BR,-9.0122,-35.2225,74.21,84,8,5.55,clear sky
493,Batemans Bay,AU,-35.7167,150.1833,52.11,74,87,5.84,overcast clouds
494,Lazaro Cardenas,MX,17.9583,-102.2,84.36,69,100,4.54,overcast clouds
495,Mafeteng,LS,-29.823,27.2374,52.9,28,91,7.63,overcast clouds
496,Kardla,EE,58.9978,22.7492,66.06,91,14,10.09,few clouds
497,Vao,NC,-22.6667,167.4833,68.09,59,13,18.05,few clouds
498,San Jose De Guanipa,VE,8.8872,-64.1651,85.08,62,78,1.83,broken clouds
499,Ushtobe,KZ,45.2514,77.9838,71.51,40,93,5.32,overcast clouds
500,Takoradi,GH,4.8845,-1.7554,74.64,84,100,8.88,overcast clouds
501,Samarai,PG,-10.6167,150.6667,78.67,84,98,17.63,overcast clouds
502,Yumbo,CO,3.5823,-76.4915,82.17,54,40,12.66,scattered clouds
503,Atlanta,US,33.749,-84.388,87.26,70,20,8.05,few clouds
504,Camaguey,CU,21.3808,-77.9169,91.74,46,40,18.41,scattered clouds
505,Vila Velha,BR,-20.3297,-40.2925,73.35,79,0,11.01,clear sky
506,Jawar,IN,23.0,76.5,74.35,92,98,12.06,overcast clouds
507,Hualmay,PE,-11.0964,-77.6139,64.49,76,20,10.16,few clouds
508,Lenger,KZ,42.183,69.8839,69.24,37,0,6.96,clear sky
509,Mosquera,CO,4.7059,-74.2302,62.69,51,20,8.05,few clouds
510,Warrington,GB,53.3925,-2.5802,74.86,63,0,8.05,clear sky
511,Mnogovershinnyy,RU,53.9353,139.9242,53.91,98,100,1.95,overcast clouds
512,Usogorsk,RU,63.4106,48.6872,61.39,66,100,10.18,overcast clouds
513,Port Augusta,AU,-32.5,137.7667,47.66,93,35,4.72,scattered clouds
514,Cockburn Town,TC,21.4612,-71.1419,81.84,76,10,17.92,clear sky
515,Tawang,IN,27.5833,91.8667,53.98,82,51,5.95,broken clouds
516,Tres Arroyos,AR,-38.3739,-60.2798,51.62,69,0,8.79,clear sky
517,Shagonar,RU,51.5333,92.8,60.22,92,100,0.18,overcast clouds
518,Bunia,CD,1.5667,30.25,64.29,79,98,3.42,overcast clouds
519,Vereeniging,ZA,-26.6731,27.9261,56.41,30,0,4.32,clear sky
520,Ascension,US,30.2169,-90.9001,84.99,84,40,6.91,scattered clouds
521,El Tigre,VE,8.8875,-64.2454,84.43,63,79,1.9,broken clouds
522,Ballina,AU,-28.8667,153.5667,55.78,99,100,5.7,overcast clouds
523,Popondetta,PG,-8.7537,148.2534,78.28,77,98,1.1,overcast clouds
524,Berlevag,NO,70.8578,29.0864,53.55,71,100,34.52,overcast clouds
525,Andenes,NO,69.3143,16.1194,49.98,81,75,28.77,drizzle
526,Sokol,RU,59.4617,40.1206,58.42,72,100,6.76,overcast clouds
527,Vanimo,PG,-2.6741,141.3028,78.67,83,54,3.62,broken clouds
528,Evensk,RU,61.95,159.2333,53.8,96,100,5.5,overcast clouds
529,Kathu,TH,7.9178,98.3332,78.62,77,68,10.63,broken clouds
530,Ndele,CF,8.4109,20.6473,70.27,99,100,2.93,light rain
531,Sao Jose Da Coroa Grande,BR,-8.8978,-35.1478,74.86,83,13,6.04,few clouds
532,Agdam,AZ,39.991,46.9274,73.89,59,0,3.74,clear sky
533,Haines Junction,CA,60.7522,-137.5108,58.42,78,100,3.56,overcast clouds
534,Snyder,US,32.7179,-100.9176,96.31,24,40,8.05,scattered clouds
535,Aasiaat,GL,68.7098,-52.8699,37.13,89,90,1.28,overcast clouds
536,Eden,US,36.4885,-79.7667,85.82,69,98,5.55,overcast clouds
537,Hibbing,US,47.4272,-92.9377,74.57,43,0,5.75,clear sky
538,Banjar,ID,-8.19,114.9675,75.74,91,75,2.66,broken clouds
539,Manggar,ID,-2.8833,108.2667,81.16,83,93,9.53,overcast clouds
540,Kodino,RU,63.7198,39.6447,61.38,94,99,8.34,overcast clouds
541,Malindi,KE,-3.2175,40.1191,73.89,81,15,16.58,light rain
542,Gazanjyk,TM,39.2446,55.5154,82.78,23,0,13.42,clear sky
543,Luanda,AO,-8.8368,13.2343,66.85,93,54,5.53,broken clouds
544,Bayir,TR,37.2687,28.2167,75.72,46,21,4.12,few clouds
545,Nichinan,JP,31.6,131.3667,82.08,86,90,4.34,overcast clouds
546,Chokwe,MZ,-24.5333,32.9833,70.2,51,0,9.1,clear sky
547,Port Lincoln,AU,-34.7333,135.8667,53.19,81,77,15.3,broken clouds
548,Chitrakonda,IN,18.1167,82.0833,73.29,93,100,4.45,overcast clouds
549,Fergus Falls,US,46.283,-96.0776,75.18,50,0,5.75,clear sky
550,Inhambane,MZ,-23.865,35.3833,68.63,78,0,8.79,clear sky
551,Cap-Aux-Meules,CA,47.3821,-61.8597,67.71,83,77,9.17,broken clouds
552,Donghai,CN,22.9459,115.642,77.65,89,92,1.48,overcast clouds
553,Ahipara,NZ,-35.1667,173.1667,53.42,71,31,9.84,scattered clouds
554,Lasa,IT,46.6166,10.7002,61.83,87,96,2.26,overcast clouds
555,Rochegda,RU,62.8,43.25,61.52,68,100,8.97,overcast clouds
556,Weyburn,CA,49.6668,-103.8511,70.66,43,100,17.52,light rain
557,Antalaha,MG,-14.9003,50.2788,65.39,89,24,8.86,few clouds
558,Irbil,IQ,36.1926,44.0106,88.16,26,0,0.45,clear sky
559,Ambon,ID,-3.6954,128.1814,73.54,94,40,10.36,scattered clouds
560,Gravelbourg,CA,49.8834,-106.5512,82.45,31,100,11.21,overcast clouds
561,Turukhansk,RU,65.8167,87.9833,42.08,86,8,4.85,clear sky
562,Svetlogorsk,BY,52.6333,29.7333,62.71,80,6,9.1,clear sky
563,Hohhot,CN,40.8106,111.6522,75.29,59,84,3.6,broken clouds
564,Estevan,CA,49.1334,-102.9842,68.2,73,75,12.66,broken clouds
565,Port-Gentil,GA,-0.7193,8.7815,73.36,94,20,6.91,few clouds
566,North Battleford,CA,52.7834,-108.2847,86.4,41,99,9.71,overcast clouds
567,Volzhskiy,RU,48.7858,44.7797,81.23,48,52,11.56,broken clouds
568,Meiktila,MM,20.8667,95.8667,75.56,89,100,11.01,moderate rain
569,Verkhozim,RU,52.7122,45.418,62.89,94,37,6.02,scattered clouds
570,Bani,DO,18.2833,-70.3333,85.44,65,3,14.72,clear sky
571,Clevelandia,BR,-26.3958,-52.4708,49.32,85,0,4.92,clear sky
572,Digha,IN,21.6833,87.55,77.83,90,99,5.79,overcast clouds
573,Gornopravdinsk,RU,60.05,69.9,59.23,67,100,8.68,overcast clouds
574,Pahrump,US,36.2083,-115.9839,100.51,23,33,4.0,scattered clouds
575,Bachaquero,VE,9.9694,-71.1494,88.05,63,100,6.51,overcast clouds
576,Santa Fe,AR,-31.6333,-60.7,60.03,63,37,1.99,light rain
577,Huilong,CN,31.8111,121.655,85.93,86,81,4.94,broken clouds
578,Pitkyaranta,RU,61.5734,31.4792,62.98,83,100,12.08,overcast clouds
579,Suntar,RU,62.1444,117.6319,61.05,77,100,3.47,overcast clouds
580,Tatarsk,RU,55.219,75.9828,59.7,93,24,7.07,few clouds
581,Xining,CN,36.6167,101.7667,65.75,86,85,1.59,overcast clouds
582,Egvekinot,RU,66.3167,-179.1667,49.51,86,100,3.76,overcast clouds
583,Yinchuan,CN,38.4681,106.2731,77.22,79,34,4.63,scattered clouds
584,Chillicothe,US,39.3331,-82.9824,79.11,61,40,8.05,scattered clouds
585,Sao Miguel Do Araguaia,BR,-13.275,-50.1628,78.6,28,78,6.46,broken clouds
586,Veraval,IN,20.9,70.3667,80.55,90,96,24.11,overcast clouds
587,Nabire,ID,-3.3667,135.4833,75.07,90,65,4.07,broken clouds
588,Jutai,BR,-5.1833,-68.9,81.63,65,71,2.13,broken clouds
589,Moctezuma,MX,29.8,-109.6667,92.77,41,8,5.64,clear sky
590,Kjollefjord,NO,70.9457,27.3465,51.85,93,100,24.16,moderate rain
591,Mazagao,BR,-0.115,-51.2894,86.05,76,29,4.36,scattered clouds
592,Kungurtug,RU,50.5994,97.5228,53.62,73,99,2.19,light rain
593,Bathsheba,BB,13.2167,-59.5167,83.01,78,40,13.8,scattered clouds
594,San Quintin,MX,30.4833,-115.95,77.49,68,99,12.77,overcast clouds
595,Tarbes,FR,43.25,0.1667,81.07,54,0,4.61,clear sky
596,Ulaangom,MN,49.9811,92.0667,58.73,78,20,2.19,few clouds
597,Basco,PH,20.4487,121.9702,84.27,69,100,3.62,overcast clouds
598,Bariadi,TZ,-2.8,33.9833,71.6,46,90,8.61,overcast clouds
599,Berdigestyakh,RU,62.0989,126.6992,61.83,80,36,2.42,scattered clouds
600,Santander,ES,43.4647,-3.8044,72.72,92,0,5.01,clear sky
601,Codajas,BR,-3.8367,-62.0569,85.71,44,71,1.34,broken clouds
602,Mezen,RU,65.8522,44.24,57.51,97,69,9.93,broken clouds
603,Sa Kaeo,TH,13.75,102.3333,73.94,94,100,5.37,overcast clouds
604,Aketi,CD,2.7388,23.7833,72.18,96,100,1.16,overcast clouds
605,Dickinson,US,29.4608,-95.0513,95.09,65,20,5.75,few clouds
606,Olafsvik,IS,64.8945,-23.7142,50.13,83,22,10.33,few clouds
607,Kouango,CF,4.9934,19.9619,71.55,96,100,2.19,light rain
608,Camacha,PT,33.0833,-16.3333,67.42,78,20,5.75,few clouds
609,Tuy Hoa,VN,13.0833,109.3,77.47,80,97,8.14,overcast clouds
610,Derzhavinsk,KZ,51.1,66.3167,72.7,51,90,1.59,overcast clouds
611,Trelew,AR,-43.249,-65.3051,55.36,38,26,3.65,scattered clouds
612,Lakes Entrance,AU,-37.8811,147.981,49.24,77,6,6.11,clear sky
613,Ellensburg,US,46.9965,-120.5479,92.62,23,0,5.99,clear sky
614,Maues,BR,-3.3836,-57.7186,84.97,43,87,0.18,overcast clouds
615,Bumba,CD,2.1833,22.4667,70.27,96,82,2.1,light rain
616,Belo Jardim,BR,-8.3356,-36.4242,66.94,96,20,5.5,few clouds
617,Caucasia,CO,7.9865,-75.1935,83.71,83,86,7.85,overcast clouds
618,Thunder Bay,CA,48.4001,-89.3168,69.51,41,0,6.13,clear sky
619,Kavieng,PG,-2.5744,150.7967,81.32,78,96,11.23,light rain
620,Ammon,US,43.4696,-111.9666,88.3,39,0,8.05,smoke
621,Sarai,RU,53.7458,41.0213,61.84,72,1,7.31,clear sky
622,Ukiah,US,39.1502,-123.2078,93.43,37,0,8.05,clear sky
623,Solnechnyy,RU,50.7214,136.6319,54.66,95,98,3.83,overcast clouds
624,Praia Da Vitoria,PT,38.7333,-27.0667,72.75,91,100,13.56,overcast clouds
625,Villanueva,HN,15.3167,-88.0,86.99,62,20,16.11,few clouds
626,Jacareacanga,BR,-6.2222,-57.7528,84.97,42,25,1.3,scattered clouds
627,Havoysund,NO,70.9963,24.6622,52.03,94,100,35.88,light rain
628,Lososina,RU,48.9975,140.3106,59.9,97,100,2.8,overcast clouds
629,Vaitape,PF,-16.5167,-151.75,78.26,75,10,14.45,light rain
630,Necochea,AR,-38.5473,-58.7368,52.11,70,0,10.31,clear sky
631,Bafq,IR,31.6128,55.4107,80.82,16,0,7.96,clear sky
632,Esna,EG,25.2934,32.554,90.75,20,6,13.13,clear sky
633,Malibu,US,34.005,-118.8101,105.96,23,1,10.63,clear sky
634,Bar Harbor,US,44.3876,-68.2039,72.93,77,0,5.75,clear sky
635,Lazarev,RU,52.225,141.5131,58.86,88,100,5.19,overcast clouds
636,Tongliao,CN,43.6125,122.2653,67.46,67,84,4.63,broken clouds
637,Wawa,NG,9.9022,4.4192,71.26,98,100,3.56,moderate rain
638,Port Blair,IN,11.6667,92.75,80.96,81,100,14.79,overcast clouds
639,Tessalit,ML,20.1986,1.0114,98.67,21,56,5.28,broken clouds
640,Turka,UA,49.1541,23.0297,54.14,94,10,2.1,clear sky
641,Gazojak,TM,41.1875,61.4036,75.99,30,0,10.42,clear sky
642,San Lazaro,BZ,18.0387,-88.6622,87.1,65,61,7.96,broken clouds
643,Tupik,RU,54.4253,119.9327,55.24,95,100,1.43,overcast clouds
644,Mana,GF,5.6592,-53.7767,80.15,79,37,6.4,scattered clouds
645,Xuanwu,CN,32.069,118.8138,83.17,72,100,3.51,overcast clouds
646,Staryy Nadym,RU,65.6118,72.6842,59.61,55,100,11.7,overcast clouds
647,Akyab,MM,20.15,92.9,78.55,89,94,2.19,light rain
648,Avera,US,33.194,-82.5271,80.55,54,99,6.02,overcast clouds
649,Guerrero Negro,MX,27.9769,-114.0611,82.45,48,1,16.4,clear sky
